id,first_name,last_name,email,gender,ip_address
1,Elyssa,Wickerson,ewickerson0@opensource.org,Female,106.86.99.74
2,Rory,Tansly,rtansly1@tumblr.com,Female,52.191.215.127
3,Prent,Beaument,pbeaument2@mysql.com,Male,25.108.235.160
4,D'arcy,Smidmoor,dsmidmoor3@list-manage.com,Male,44.201.39.67
5,Eddy,Haddick,ehaddick4@oracle.com,Female,28.83.158.104
6,Gail,Dungate,gdungate5@parallels.com,Male,142.43.168.111
7,Derick,Huddlestone,dhuddlestone6@bigcartel.com,Male,199.112.243.2
8,Jorey,Baldazzi,jbaldazzi7@amazon.de,Female,86.213.221.24
9,Guido,Airey,gairey8@skyrock.com,Male,130.86.36.140
10,Had,Deane,hdeane9@flavors.me,Male,34.49.158.18
11,Lishe,Vettore,lvettorea@deliciousdays.com,Female,130.25.29.9
12,Margareta,Eastam,meastamb@com.com,Female,35.96.204.220
13,Ange,Elkin,aelkinc@sciencedaily.com,Female,84.209.23.168
14,Cazzie,Ferrini,cferrinid@google.pl,Male,22.66.68.137
15,Tiebout,Van Eeden,tvaneedene@barnesandnoble.com,Male,99.109.146.225
16,Abigail,Broughton,abroughtonf@yahoo.com,Bigender,12.113.135.59
17,Felicio,Romushkin,fromushking@ihg.com,Male,205.176.105.130
18,Francoise,Castleman,fcastlemanh@paginegialle.it,Female,4.219.170.78
19,Napoleon,Attenbarrow,nattenbarrowi@nbcnews.com,Male,157.221.109.27
20,Mella,Endricci,mendriccij@cbsnews.com,Female,48.254.139.42
21,Christalle,Dufer,cduferk@army.mil,Female,206.84.80.83
22,Dicky,Ettery,detteryl@sun.com,Male,192.199.172.254
23,Juan,Eilles,jeillesm@timesonline.co.uk,Male,228.5.35.235
24,Basile,Probat,bprobatn@cloudflare.com,Male,166.120.174.189
25,Evan,Groocock,egroococko@ucla.edu,Male,5.86.161.153
26,Bren,Dyne,bdynep@webmd.com,Male,34.191.90.185
27,Agnese,MacKniely,amacknielyq@shop-pro.jp,Female,83.96.36.199
28,Minetta,Noraway,mnorawayr@yelp.com,Female,150.23.190.20
29,Ervin,Stannett,estannetts@statcounter.com,Male,252.252.191.246
30,Virge,Gaveltone,vgaveltonet@admin.ch,Male,174.247.191.122
31,Syman,McGuirk,smcguirku@house.gov,Male,74.43.91.0
32,Allayne,Cutress,acutressv@ning.com,Male,63.82.221.180
33,Lina,Apple,lapplew@ning.com,Female,251.107.11.35
34,Mitch,Cannaway,mcannawayx@youtube.com,Male,17.236.109.9
35,Ogdon,Armstrong,oarmstrongy@google.pl,Male,1.21.22.16
36,Dasie,Astley,dastleyz@twitter.com,Female,157.38.129.31
37,Arel,Donke,adonke10@infoseek.co.jp,Male,153.39.170.167
38,Karee,Everett,keverett11@omniture.com,Female,194.92.100.59
39,Claire,Cuppleditch,ccuppleditch12@google.com.hk,Male,182.54.37.37
40,Malina,Carlson,mcarlson13@globo.com,Female,123.70.46.227
41,Aguistin,Rabbage,arabbage14@privacy.gov.au,Male,91.37.227.246
42,Mellisa,Lorne,mlorne15@mit.edu,Female,21.77.131.213
43,Chic,Froud,cfroud16@dropbox.com,Male,165.90.215.5
44,Engelbert,Tiery,etiery17@ucoz.ru,Male,196.77.85.53
45,Claus,Salmen,csalmen18@is.gd,Male,65.108.221.231
46,Graehme,Self,gself19@ebay.co.uk,Male,14.207.122.174
47,Devin,MacKaile,dmackaile1a@go.com,Male,105.4.104.40
48,Adamo,Lukianov,alukianov1b@hhs.gov,Male,223.134.163.143
49,Kimberly,Rawlin,krawlin1c@harvard.edu,Female,70.149.16.142
50,Benton,MacCaffrey,bmaccaffrey1d@kickstarter.com,Male,171.76.254.213
51,Harmon,Spary,hspary1e@exblog.jp,Male,138.93.37.218
52,Gran,Christophersen,gchristophersen1f@washingtonpost.com,Male,22.245.93.197
53,Consalve,Shillabeer,cshillabeer1g@state.gov,Male,207.216.45.22
54,Nikos,Dewicke,ndewicke1h@newyorker.com,Male,124.251.225.245
55,Fidelia,Strewther,fstrewther1i@mozilla.org,Female,65.54.63.95
56,Cecelia,Riding,criding1j@latimes.com,Female,184.147.68.152
57,Burtie,Cranch,bcranch1k@washingtonpost.com,Male,185.66.13.219
58,Shurwood,Fulham,sfulham1l@virginia.edu,Male,116.188.85.197
59,Carolina,Wathan,cwathan1m@intel.com,Female,232.54.121.0
60,Isabella,Capper,icapper1n@army.mil,Female,117.159.52.63
61,Alyce,Stonary,astonary1o@google.co.jp,Female,245.226.50.140
62,Joey,Baitman,jbaitman1p@phpbb.com,Female,14.78.85.13
63,Rawley,Harry,rharry1q@amazon.co.jp,Male,12.166.254.235
64,Cassie,Winspear,cwinspear1r@irs.gov,Male,224.113.91.185
65,Curr,Fulleylove,cfulleylove1s@squarespace.com,Bigender,14.192.255.54
66,Cooper,Laing,claing1t@japanpost.jp,Male,81.106.250.187
67,Brandyn,Edwicker,bedwicker1u@arstechnica.com,Male,208.87.165.93
68,Quincey,Sutliff,qsutliff1v@ed.gov,Male,218.129.210.30
69,Trish,Roderham,troderham1w@webeden.co.uk,Female,7.171.172.9
70,Frederic,Robers,frobers1x@sfgate.com,Male,250.244.133.166
71,Elisabetta,Marfe,emarfe1y@cornell.edu,Female,204.85.162.143
72,Vita,Woolager,vwoolager1z@canalblog.com,Female,75.188.180.88
73,Lura,Randalson,lrandalson20@wisc.edu,Female,102.103.114.2
74,Caresse,Grishkov,cgrishkov21@un.org,Female,81.101.99.238
75,Rice,Brauns,rbrauns22@spotify.com,Male,183.13.38.182
76,Trever,Phant,tphant23@webeden.co.uk,Male,5.63.191.249
77,Agatha,McGerraghty,amcgerraghty24@dagondesign.com,Female,213.225.25.233
78,Hedvige,Quennell,hquennell25@linkedin.com,Female,252.124.173.218
79,Vassily,Simka,vsimka26@jugem.jp,Male,213.222.49.146
80,Andria,Gatrell,agatrell27@livejournal.com,Female,2.125.221.40
81,Arty,Burchall,aburchall28@xinhuanet.com,Male,83.43.236.97
82,Dido,Erasmus,derasmus29@pinterest.com,Female,130.151.77.26
83,Kaila,Bolsover,kbolsover2a@mashable.com,Female,172.161.126.194
84,Cully,Aleveque,caleveque2b@csmonitor.com,Male,153.167.13.117
85,Fitzgerald,Le Monnier,flemonnier2c@soundcloud.com,Male,161.181.219.161
86,Hasty,Silverton,hsilverton2d@domainmarket.com,Male,9.183.39.235
87,Eward,Bradfield,ebradfield2e@storify.com,Male,174.132.154.213
88,Dulce,Lade,dlade2f@discuz.net,Genderfluid,167.135.228.99
89,Delmore,Queripel,dqueripel2g@google.com.hk,Male,39.239.151.244
90,Curry,Pohlke,cpohlke2h@fastcompany.com,Male,172.188.121.20
91,Meade,Strivens,mstrivens2i@technorati.com,Male,109.146.93.33
92,Alvie,Fochs,afochs2j@angelfire.com,Male,253.28.0.156
93,Desmond,Dimont,ddimont2k@pbs.org,Male,59.172.147.233
94,Nathanil,Phelps,nphelps2l@linkedin.com,Male,236.1.135.189
95,Keeley,Baraclough,kbaraclough2m@upenn.edu,Female,14.78.6.125
96,Arnuad,Beach,abeach2n@jimdo.com,Male,105.219.44.29
97,Karlan,Butt Gow,kbuttgow2o@ycombinator.com,Male,185.247.84.150
98,Karalynn,Deboick,kdeboick2p@guardian.co.uk,Female,30.17.9.210
99,Fanchette,Brightman,fbrightman2q@shinystat.com,Female,53.152.13.101
100,Abrahan,Scamel,ascamel2r@latimes.com,Male,23.148.187.107
101,Tatiania,Tapin,ttapin2s@wisc.edu,Female,253.193.249.247
102,Lurette,Bohman,lbohman2t@google.it,Female,46.72.228.166
103,Iris,Morgan,imorgan2u@washingtonpost.com,Female,12.204.221.239
104,Shelli,Feirn,sfeirn2v@myspace.com,Female,43.57.121.190
105,Jeralee,Sivyer,jsivyer2w@pcworld.com,Female,146.101.69.38
106,Jo-anne,McKenney,jmckenney2x@meetup.com,Female,15.60.190.69
107,Boy,Spiller,bspiller2y@boston.com,Male,114.63.96.15
108,Nissy,Lambricht,nlambricht2z@adobe.com,Female,88.242.196.178
109,Michal,Woan,mwoan30@nps.gov,Female,38.205.78.170
110,Bernardine,Zavattero,bzavattero31@cbc.ca,Female,64.182.194.16
111,Raquel,Fernely,rfernely32@dot.gov,Genderfluid,13.73.231.212
112,Caesar,Oldfield-Cherry,coldfieldcherry33@europa.eu,Non-binary,87.3.85.140
113,Darcee,Mandry,dmandry34@prweb.com,Female,225.107.14.12
114,Jehanna,Otterwell,jotterwell35@blogs.com,Female,224.136.235.116
115,Minnie,Langdon,mlangdon36@hostgator.com,Female,83.136.142.63
116,Fredrika,Seine,fseine37@imdb.com,Female,78.98.4.191
117,Bard,Linder,blinder38@vistaprint.com,Male,50.222.51.61
118,Twila,Whorlton,twhorlton39@foxnews.com,Female,76.213.168.40
119,Georgina,Goracci,ggoracci3a@reuters.com,Female,12.43.146.49
120,Margarette,Greenhead,mgreenhead3b@google.pl,Female,67.35.241.63
121,Hobie,Raubenheimers,hraubenheimers3c@forbes.com,Male,117.150.190.230
122,Deane,Shegog,dshegog3d@vinaora.com,Male,10.68.159.166
123,Beulah,Wainer,bwainer3e@google.de,Female,82.112.137.128
124,Noe,Coatham,ncoatham3f@wired.com,Male,232.81.201.8
125,Loutitia,Mouatt,lmouatt3g@barnesandnoble.com,Female,143.19.98.125
126,Alvy,Cheesman,acheesman3h@alibaba.com,Male,32.126.174.214
127,Rosaline,Spafford,rspafford3i@mit.edu,Female,120.181.211.230
128,Abey,Shier,ashier3j@discovery.com,Male,247.172.171.96
129,Rory,Sewell,rsewell3k@boston.com,Genderqueer,57.199.125.207
130,Fleur,Carter,fcarter3l@apple.com,Female,74.52.98.113
131,Chaddy,Toy,ctoy3m@tinyurl.com,Male,91.103.121.214
132,Norry,Sharpin,nsharpin3n@oaic.gov.au,Male,35.69.24.190
133,Misty,Gartshore,mgartshore3o@mapy.cz,Female,180.90.207.186
134,Emmy,Christauffour,echristauffour3p@dailymotion.com,Male,213.138.218.130
135,Lannie,Danielsen,ldanielsen3q@bloglines.com,Male,10.239.89.97
136,Edyth,Dews,edews3r@blogs.com,Agender,80.99.158.203
137,Oswell,Scorrer,oscorrer3s@earthlink.net,Male,5.97.67.195
138,Josh,Burberow,jburberow3t@devhub.com,Male,41.228.114.48
139,Kalina,Blaxton,kblaxton3u@sogou.com,Female,130.18.82.159
140,Josh,Purselow,jpurselow3v@lulu.com,Male,251.212.239.240
141,Doralynne,Wildor,dwildor3w@github.com,Female,119.84.191.102
142,Christal,Hindge,chindge3x@macromedia.com,Polygender,239.146.176.11
143,Ulric,Keggins,ukeggins3y@home.pl,Male,163.242.58.164
144,Chelsey,McGraw,cmcgraw3z@qq.com,Female,58.112.250.226
145,Maura,Cumming,mcumming40@hhs.gov,Female,22.82.41.228
146,Chantal,Aiskovitch,caiskovitch41@studiopress.com,Female,227.144.94.211
147,Madalena,Jerke,mjerke42@usda.gov,Female,193.3.11.205
148,Danya,Kewzick,dkewzick43@mit.edu,Female,246.178.118.239
149,Bat,Walshe,bwalshe44@goo.ne.jp,Non-binary,232.223.109.183
150,Elspeth,Peal,epeal45@360.cn,Female,241.13.48.84
151,Martelle,Salmen,msalmen46@bloglines.com,Female,144.93.191.114
152,Francene,Poznanski,fpoznanski47@usgs.gov,Female,105.48.25.164
153,Cory,Burkart,cburkart48@github.com,Female,41.237.109.155
154,Maurits,Dunkley,mdunkley49@theatlantic.com,Male,2.27.115.94
155,Mile,Maryin,mmaryin4a@bluehost.com,Male,88.128.181.122
156,Wyn,Roath,wroath4b@surveymonkey.com,Male,83.179.200.179
157,Clemens,Pacitti,cpacitti4c@nsw.gov.au,Male,147.213.6.20
158,Wendy,Datte,wdatte4d@last.fm,Female,252.56.100.88
159,Olag,Scorah,oscorah4e@ox.ac.uk,Male,223.245.135.13
160,Kingsley,Laughlin,klaughlin4f@flavors.me,Male,232.1.88.152
161,Gaspar,Hamill,ghamill4g@usgs.gov,Male,239.162.61.185
162,Ewan,Payley,epayley4h@earthlink.net,Male,77.47.132.225
163,Mahmoud,Meletti,mmeletti4i@dropbox.com,Male,114.192.14.32
164,Karlie,Bulpitt,kbulpitt4j@google.co.uk,Female,130.47.16.31
165,Kenna,Stoneman,kstoneman4k@wikispaces.com,Female,51.113.217.152
166,Chase,Brookshaw,cbrookshaw4l@barnesandnoble.com,Male,16.129.44.92
167,Giacinta,Gaunter,ggaunter4m@issuu.com,Female,10.4.138.19
168,Auberon,Huntly,ahuntly4n@mlb.com,Male,141.122.20.46
169,Conchita,Byng,cbyng4o@blogs.com,Female,195.105.113.188
170,Victor,Dyke,vdyke4p@ucoz.com,Male,116.173.187.67
171,Dwain,Owbrick,dowbrick4q@shop-pro.jp,Male,200.209.157.172
172,Perry,Dannell,pdannell4r@un.org,Male,202.193.122.207
173,Kane,Kocher,kkocher4s@merriam-webster.com,Male,86.44.42.214
174,Joelly,Corrado,jcorrado4t@photobucket.com,Female,96.2.215.77
175,Trstram,Fenelow,tfenelow4u@networkadvertising.org,Male,210.36.177.212
176,Dorelle,Bearward,dbearward4v@biglobe.ne.jp,Female,94.61.13.12
177,Berne,Carpmile,bcarpmile4w@cafepress.com,Male,170.113.228.28
178,Jo,Kellet,jkellet4x@studiopress.com,Male,242.219.181.18
179,Giffie,Biddell,gbiddell4y@cyberchimps.com,Male,102.181.27.71
180,Vincenz,Vasyaev,vvasyaev4z@slate.com,Male,41.113.206.102
181,Phillida,Esler,pesler50@wikispaces.com,Female,19.195.107.77
182,Sibel,Nizet,snizet51@qq.com,Female,173.3.173.252
183,Conny,Scottrell,cscottrell52@google.ca,Male,190.106.228.242
184,Roldan,Nimmo,rnimmo53@yale.edu,Male,61.169.156.169
185,Elna,Starzaker,estarzaker54@amazon.de,Female,93.175.140.212
186,Reider,Felce,rfelce55@phpbb.com,Male,119.35.85.92
187,Ignacio,Ladyman,iladyman56@virginia.edu,Male,111.74.43.2
188,Vin,Kenyam,vkenyam57@paypal.com,Female,153.124.10.85
189,Jehu,Beetlestone,jbeetlestone58@archive.org,Male,104.98.161.217
190,Sidonnie,Sprigg,ssprigg59@ox.ac.uk,Female,161.49.166.249
191,Corey,Roust,croust5a@themeforest.net,Female,188.75.217.44
192,Maureen,Dowdney,mdowdney5b@ovh.net,Female,100.164.94.166
193,Lian,Cartan,lcartan5c@twitpic.com,Female,59.26.215.44
194,Trisha,Gallafant,tgallafant5d@sogou.com,Female,118.225.207.45
195,Myrtle,Sywell,msywell5e@lycos.com,Female,45.178.181.66
196,Delila,Haggus,dhaggus5f@chicagotribune.com,Female,174.25.6.148
197,Hattie,Bridgens,hbridgens5g@baidu.com,Female,137.22.53.82
198,Marge,Beavan,mbeavan5h@hp.com,Female,54.155.127.210
199,Kay,Philpot,kphilpot5i@drupal.org,Female,247.150.230.151
200,Sioux,Louisot,slouisot5j@addthis.com,Female,110.142.154.213
201,Connie,Pestor,cpestor5k@ycombinator.com,Male,59.52.74.164
202,Emeline,Recke,erecke5l@lycos.com,Female,114.152.35.23
203,Friedrick,Warlowe,fwarlowe5m@xing.com,Male,148.232.90.124
204,Kayley,Waterstone,kwaterstone5n@delicious.com,Female,125.116.161.4
205,Eba,Burleton,eburleton5o@cbsnews.com,Female,198.213.123.86
206,Raquela,Smaling,rsmaling5p@twitter.com,Female,147.39.117.248
207,Allin,Tedstone,atedstone5q@smugmug.com,Male,189.60.227.121
208,Algernon,Bird,abird5r@acquirethisname.com,Male,58.43.206.238
209,Braden,Saben,bsaben5s@elpais.com,Male,232.1.129.166
210,Georges,Trobridge,gtrobridge5t@shop-pro.jp,Genderfluid,94.189.93.11
211,Adrea,Galer,agaler5u@biblegateway.com,Female,141.239.107.88
212,Kendal,D'Onise,kdonise5v@123-reg.co.uk,Male,80.120.173.109
213,Dalt,Tidy,dtidy5w@bbb.org,Male,116.172.241.187
214,Jasen,Cheeke,jcheeke5x@list-manage.com,Male,38.195.148.43
215,Kinsley,Hailwood,khailwood5y@nps.gov,Male,79.217.119.243
216,Tabb,Tombs,ttombs5z@reference.com,Bigender,41.113.129.117
217,Sherill,Ashborne,sashborne60@desdev.cn,Female,176.149.63.45
218,Kingsly,Merigot,kmerigot61@furl.net,Male,142.17.37.11
219,Karil,Sharples,ksharples62@buzzfeed.com,Female,229.5.107.126
220,Yorgos,Cardnell,ycardnell63@ucla.edu,Male,220.239.24.233
221,Sanford,Stailey,sstailey64@shutterfly.com,Male,44.184.63.1
222,Jonathan,Elks,jelks65@biglobe.ne.jp,Male,83.136.70.194
223,Collete,Gerardet,cgerardet66@auda.org.au,Female,118.142.174.138
224,Marina,Jeanet,mjeanet67@posterous.com,Female,134.86.196.228
225,Rad,Bau,rbau68@t-online.de,Male,57.118.194.212
226,Moses,Simonot,msimonot69@360.cn,Male,163.242.158.147
227,Nelson,Conre,nconre6a@list-manage.com,Male,206.227.146.199
228,Shalom,Corradi,scorradi6b@archive.org,Male,116.137.156.80
229,Anallise,Rugg,arugg6c@godaddy.com,Female,28.72.139.177
230,Kinnie,Scritch,kscritch6d@de.vu,Male,43.63.3.179
231,Michal,Harbage,mharbage6e@ucla.edu,Male,193.242.210.72
232,Sherwood,Earingey,searingey6f@elegantthemes.com,Male,87.159.143.241
233,Art,Pignon,apignon6g@addtoany.com,Male,75.40.204.233
234,Nathalie,McLaverty,nmclaverty6h@cornell.edu,Female,190.163.38.231
235,Ruthie,Metzel,rmetzel6i@discovery.com,Female,115.165.13.172
236,Johna,Lamps,jlamps6j@tamu.edu,Agender,95.221.240.73
237,Lauren,Stegell,lstegell6k@weebly.com,Female,103.113.60.116
238,Patsy,Midghall,pmidghall6l@bluehost.com,Female,133.116.226.106
239,Eugenio,Pavese,epavese6m@usgs.gov,Male,168.60.161.98
240,Mandi,Tregent,mtregent6n@whitehouse.gov,Female,158.108.247.168
241,Edwina,Dosdale,edosdale6o@vimeo.com,Female,16.69.171.7
242,Brewer,Brettle,bbrettle6p@goo.gl,Male,71.218.199.174
243,Wendell,Melarkey,wmelarkey6q@imdb.com,Male,142.42.43.60
244,Thaddus,Cleaveland,tcleaveland6r@wisc.edu,Male,105.7.137.1
245,Tibold,Bealing,tbealing6s@biglobe.ne.jp,Male,142.155.223.252
246,Milissent,Mullineux,mmullineux6t@quantcast.com,Female,8.219.19.218
247,Nevins,Atter,natter6u@technorati.com,Male,51.35.160.43
248,Billi,Sandcraft,bsandcraft6v@studiopress.com,Female,141.200.208.240
249,Rodrique,Gruszecki,rgruszecki6w@odnoklassniki.ru,Male,144.45.75.57
250,Danice,Marini,dmarini6x@sogou.com,Female,213.143.78.178
251,Ursuline,Hartnell,uhartnell6y@flavors.me,Agender,245.17.62.224
252,Carlen,Holtham,choltham6z@posterous.com,Female,163.84.92.109
253,Willdon,MacKibbon,wmackibbon70@spiegel.de,Male,157.105.35.219
254,Clive,Kunz,ckunz71@alexa.com,Male,48.74.246.203
255,Sianna,Sheringham,ssheringham72@hao123.com,Female,231.87.54.243
256,Chuck,Tassel,ctassel73@unesco.org,Male,203.85.95.248
257,Ranique,Humby,rhumby74@usgs.gov,Female,59.168.189.232
258,Kinnie,McClenaghan,kmcclenaghan75@yellowpages.com,Male,110.220.74.3
259,Reba,Syddall,rsyddall76@tiny.cc,Female,229.109.109.235
260,Merridie,Odney,modney77@ibm.com,Female,126.179.7.101
261,Artur,Gilbee,agilbee78@freewebs.com,Male,192.119.225.64
262,Andria,Mersey,amersey79@biglobe.ne.jp,Female,196.128.184.230
263,Josy,Staner,jstaner7a@github.io,Female,213.60.140.101
264,Lana,Jedraszczyk,ljedraszczyk7b@blogger.com,Female,65.218.71.230
265,Raynard,Pellamonuten,rpellamonuten7c@yale.edu,Male,103.85.220.239
266,Derick,Tethacot,dtethacot7d@bbc.co.uk,Male,141.2.33.240
267,Hunt,Manley,hmanley7e@hexun.com,Genderqueer,129.146.240.154
268,Frannie,Ganter,fganter7f@bing.com,Female,79.193.212.235
269,Homerus,Cottem,hcottem7g@gmpg.org,Male,220.230.194.97
270,Mathian,Drakeley,mdrakeley7h@elpais.com,Male,11.183.84.175
271,Laney,Antonescu,lantonescu7i@vk.com,Genderqueer,27.250.223.169
272,Kippy,McArtan,kmcartan7j@yolasite.com,Male,197.165.169.42
273,Sonia,Scamadin,sscamadin7k@scribd.com,Female,125.16.74.142
274,Brucie,Haslock(e),bhaslocke7l@economist.com,Male,45.72.175.174
275,Candace,Snelson,csnelson7m@shop-pro.jp,Female,116.2.32.148
276,Georas,Rojahn,grojahn7n@theatlantic.com,Male,94.230.5.190
277,Zachery,Mynett,zmynett7o@liveinternet.ru,Bigender,88.30.23.153
278,Gisele,Getsham,ggetsham7p@symantec.com,Female,37.150.29.25
279,Humfrey,Partleton,hpartleton7q@cdc.gov,Male,117.213.113.212
280,Sammie,McCready,smccready7r@list-manage.com,Male,31.38.241.193
281,Gertrudis,Harrell,gharrell7s@shutterfly.com,Female,169.191.22.137
282,Violante,Roze,vroze7t@merriam-webster.com,Female,250.153.70.254
283,Lorenza,Fasse,lfasse7u@comsenz.com,Female,247.247.127.3
284,Tudor,Josephson,tjosephson7v@altervista.org,Male,113.154.36.236
285,Joana,Suggate,jsuggate7w@cmu.edu,Female,140.120.66.27
286,Dorris,Castenda,dcastenda7x@friendfeed.com,Female,144.148.43.58
287,Grayce,Frankton,gfrankton7y@engadget.com,Female,71.104.66.55
288,Giraldo,Jamieson,gjamieson7z@bloomberg.com,Male,170.84.106.176
289,Joleen,Beckinsall,jbeckinsall80@admin.ch,Female,195.56.123.230
290,Stanwood,Ellington,sellington81@php.net,Genderqueer,153.154.19.122
291,Vivyan,Larcombe,vlarcombe82@loc.gov,Female,6.244.198.249
292,Kevin,Ivanilov,kivanilov83@stumbleupon.com,Male,231.121.35.38
293,Malorie,Keoghan,mkeoghan84@360.cn,Polygender,196.130.104.66
294,Randall,Josefovic,rjosefovic85@cbsnews.com,Male,119.82.196.61
295,Sutherlan,Lassells,slassells86@studiopress.com,Male,76.247.101.85
296,Kissie,Beevens,kbeevens87@miibeian.gov.cn,Female,232.128.30.172
297,Aylmer,Gannicleff,agannicleff88@netscape.com,Male,73.143.76.73
298,Kent,Regglar,kregglar89@webnode.com,Male,74.129.29.229
299,Sawyere,Grinstead,sgrinstead8a@godaddy.com,Male,113.210.6.196
300,Ernaline,Kohnen,ekohnen8b@cpanel.net,Female,137.210.227.53
301,Arlen,Warmisham,awarmisham8c@icq.com,Female,177.64.216.177
302,Doralynn,Baswall,dbaswall8d@sina.com.cn,Female,147.193.164.146
303,Gaylor,Kemme,gkemme8e@addtoany.com,Male,182.141.156.215
304,Rory,Ugoletti,rugoletti8f@google.fr,Genderqueer,178.37.9.250
305,Myriam,McLoney,mmcloney8g@hp.com,Female,37.214.60.215
306,Bastien,Jedrzej,bjedrzej8h@typepad.com,Male,153.49.51.3
307,Archambault,Clutterham,aclutterham8i@prnewswire.com,Male,97.244.23.42
308,Cornelle,Fandrey,cfandrey8j@wordpress.org,Female,126.34.95.32
309,Pamelina,Meegin,pmeegin8k@yelp.com,Female,53.173.96.12
310,Terrance,Wadeson,twadeson8l@wp.com,Male,69.85.131.108
311,Christian,Woodhouse,cwoodhouse8m@fema.gov,Genderqueer,43.186.193.253
312,Addia,Caney,acaney8n@nydailynews.com,Agender,139.109.244.41
313,Barde,Baxill,bbaxill8o@pinterest.com,Male,44.234.15.33
314,Wylie,Laytham,wlaytham8p@friendfeed.com,Male,16.220.138.68
315,Ervin,Kensington,ekensington8q@opensource.org,Male,101.23.175.28
316,Rodrique,Batecok,rbatecok8r@themeforest.net,Male,15.175.118.115
317,Ferd,Carville,fcarville8s@yahoo.co.jp,Male,187.78.171.47
318,Godard,Senussi,gsenussi8t@photobucket.com,Polygender,175.223.31.29
319,Rubi,Tibbles,rtibbles8u@a8.net,Female,34.201.116.243
320,Dita,Robjohns,drobjohns8v@ox.ac.uk,Female,170.78.219.217
321,Raffaello,Paddle,rpaddle8w@google.nl,Polygender,108.227.235.227
322,Talia,Bullant,tbullant8x@bloomberg.com,Female,187.209.213.70
323,Fernando,Gulvin,fgulvin8y@soup.io,Male,12.59.81.104
324,Devlen,McDugal,dmcdugal8z@bloglovin.com,Male,242.65.155.186
325,Job,Cookley,jcookley90@google.com.br,Male,170.252.213.16
326,Kellen,Cornewall,kcornewall91@amazonaws.com,Polygender,62.173.38.73
327,Neale,Thornhill,nthornhill92@plala.or.jp,Male,40.92.12.29
328,Reube,Reddings,rreddings93@abc.net.au,Male,162.20.179.60
329,Ogdon,Whorlow,owhorlow94@list-manage.com,Male,146.26.34.241
330,Peggie,McCluney,pmccluney95@time.com,Female,6.176.161.204
331,Jean,Avrahamian,javrahamian96@newsvine.com,Bigender,62.203.19.153
332,Juditha,Dictus,jdictus97@behance.net,Female,104.74.76.116
333,Dame,Giacobelli,dgiacobelli98@google.ru,Male,61.226.3.15
334,Wood,Valek,wvalek99@umich.edu,Male,41.211.170.8
335,Brnaby,Stickings,bstickings9a@netvibes.com,Male,206.153.95.181
336,Rob,Gocher,rgocher9b@census.gov,Male,93.48.0.93
337,Nappy,Shireff,nshireff9c@samsung.com,Genderfluid,121.246.244.172
338,Korey,Richardeau,krichardeau9d@indiegogo.com,Male,166.36.125.43
339,Wilhelmine,Seagar,wseagar9e@ask.com,Female,133.213.74.32
340,Salomo,Itzhayek,sitzhayek9f@stanford.edu,Male,18.180.157.98
341,Isidro,Slainey,islainey9g@yahoo.co.jp,Male,22.82.229.251
342,Tobye,Fabri,tfabri9h@de.vu,Female,172.108.84.91
343,Cicely,Garratty,cgarratty9i@jiathis.com,Female,196.16.11.47
344,Erik,Malin,emalin9j@themeforest.net,Male,67.205.118.239
345,Meryl,Tuny,mtuny9k@bravesites.com,Female,197.194.89.238
346,Vally,McCallister,vmccallister9l@sfgate.com,Female,178.99.161.18
347,Angelica,Sudron,asudron9m@nationalgeographic.com,Female,162.165.68.15
348,Marcos,Kinker,mkinker9n@rediff.com,Male,205.235.117.34
349,Vale,Pittoli,vpittoli9o@moonfruit.com,Genderqueer,109.227.143.95
350,Lonnie,Deem,ldeem9p@cmu.edu,Male,202.196.142.24
351,Marlena,Splevins,msplevins9q@ask.com,Female,146.236.115.159
352,Kimble,Fitzmaurice,kfitzmaurice9r@mashable.com,Male,158.242.79.218
353,Rachael,Gerleit,rgerleit9s@abc.net.au,Female,127.125.44.119
354,Joann,Landis,jlandis9t@umn.edu,Female,253.189.229.176
355,Julio,Youde,jyoude9u@sciencedirect.com,Male,201.143.141.214
356,Mirabella,Dunaway,mdunaway9v@seattletimes.com,Female,44.73.10.213
357,Yasmeen,Drillingcourt,ydrillingcourt9w@furl.net,Female,193.236.58.205
358,Quent,Spellessy,qspellessy9x@scientificamerican.com,Male,200.206.248.18
359,Alverta,Tsarovic,atsarovic9y@csmonitor.com,Agender,84.38.54.209
360,Martin,Ferrero,mferrero9z@cyberchimps.com,Male,0.117.110.139
361,Janey,Pfeffer,jpfeffera0@yolasite.com,Female,119.170.88.254
362,Bee,Lichfield,blichfielda1@squidoo.com,Female,22.141.223.167
363,Raquela,Ralling,rrallinga2@rakuten.co.jp,Female,76.73.99.64
364,Gillian,Bails,gbailsa3@hhs.gov,Female,208.241.237.7
365,Deva,Dietsche,ddietschea4@yolasite.com,Female,151.133.141.250
366,Lorine,Sailer,lsailera5@last.fm,Female,186.225.23.91
367,Kennan,Mitchell,kmitchella6@pbs.org,Male,131.65.132.98
368,Mia,Tolomelli,mtolomellia7@sakura.ne.jp,Female,51.114.219.54
369,Alessandra,Pacitti,apacittia8@mozilla.org,Female,209.108.217.81
370,Brigitta,Ridehalgh,bridehalgha9@homestead.com,Female,41.224.48.239
371,Darnell,Probbings,dprobbingsaa@spotify.com,Genderfluid,132.22.145.229
372,Elly,Carlick,ecarlickab@wisc.edu,Female,213.75.3.219
373,Jacqui,Whitnall,jwhitnallac@flickr.com,Female,67.202.164.217
374,Nariko,Brett,nbrettad@com.com,Female,81.92.22.182
375,Andrey,Simoncelli,asimoncelliae@scribd.com,Male,95.55.236.110
376,Georgena,McKennan,gmckennanaf@ebay.com,Agender,102.75.76.12
377,Nanette,Stiger,nstigerag@yandex.ru,Female,113.133.197.196
378,Mathe,Janman,mjanmanah@etsy.com,Male,209.142.248.220
379,Tiffani,Mold,tmoldai@networksolutions.com,Female,234.138.249.48
380,Rosella,Lambell,rlambellaj@cocolog-nifty.com,Female,249.45.216.2
381,Tina,Bennellick,tbennellickak@mayoclinic.com,Female,92.74.216.109
382,Sayre,Tungate,stungateal@hud.gov,Female,115.77.128.79
383,Sophie,Mennell,smennellam@skype.com,Female,117.119.105.69
384,Ragnar,Lube,rlubean@prlog.org,Male,106.24.98.112
385,Northrop,Kesey,nkeseyao@jugem.jp,Male,58.110.85.189
386,Octavius,Kemm,okemmap@wikimedia.org,Male,92.211.202.30
387,Elinor,Klimsch,eklimschaq@fc2.com,Female,192.186.27.135
388,Austin,Ortiga,aortigaar@cisco.com,Female,244.234.57.97
389,Justinn,Petrolli,jpetrollias@scientificamerican.com,Female,57.112.38.252
390,Arnoldo,Sabin,asabinat@is.gd,Male,81.3.139.215
391,Kordula,Blackhurst,kblackhurstau@ycombinator.com,Female,39.149.221.64
392,Nalani,Walthew,nwalthewav@google.fr,Female,90.84.247.103
393,Nat,Render,nrenderaw@icq.com,Female,225.252.236.108
394,Korie,Frosdick,kfrosdickax@wikispaces.com,Female,221.111.139.74
395,Mill,Schulke,mschulkeay@upenn.edu,Male,248.91.10.98
396,Luke,O'Kinedy,lokinedyaz@ycombinator.com,Male,62.30.106.220
397,Homere,Koop,hkoopb0@parallels.com,Male,168.170.2.178
398,Rosemonde,Claypole,rclaypoleb1@t-online.de,Female,201.207.148.72
399,Levi,Lillecrap,llillecrapb2@sfgate.com,Male,8.14.66.8
400,Jorgan,Gilcriest,jgilcriestb3@hud.gov,Male,144.6.179.45
401,Claudius,Loughren,cloughrenb4@biglobe.ne.jp,Male,110.1.154.233
402,Dinny,Sole,dsoleb5@example.com,Female,92.57.139.243
403,Lynnett,Jubb,ljubbb6@privacy.gov.au,Female,28.39.97.147
404,Ernestine,Basezzi,ebasezzib7@answers.com,Female,223.106.79.255
405,Dwayne,Haswell,dhaswellb8@ucsd.edu,Male,62.238.188.232
406,Wilburt,Kwietek,wkwietekb9@ebay.com,Male,239.150.111.77
407,Cora,Tippler,ctipplerba@dion.ne.jp,Female,56.243.113.222
408,Emmaline,Fudger,efudgerbb@is.gd,Female,138.94.176.237
409,Jaymie,Zambonini,jzamboninibc@comsenz.com,Male,172.84.49.66
410,Romona,Coiley,rcoileybd@1688.com,Female,238.100.3.218
411,Harriet,Lynnitt,hlynnittbe@gnu.org,Female,161.34.187.132
412,Johnny,Baccup,jbaccupbf@examiner.com,Bigender,29.64.103.12
413,Cinderella,MacAless,cmacalessbg@twitter.com,Female,65.46.71.208
414,Tanner,Soldi,tsoldibh@macromedia.com,Male,220.156.21.192
415,Mariska,Aubery,mauberybi@google.it,Female,67.224.207.230
416,Didi,Titchen,dtitchenbj@usatoday.com,Female,113.164.113.6
417,Crin,Pinnington,cpinningtonbk@hatena.ne.jp,Female,183.5.50.77
418,Kettie,Sowten,ksowtenbl@baidu.com,Genderqueer,254.26.137.207
419,Stefanie,Yukhnevich,syukhnevichbm@sakura.ne.jp,Female,39.251.70.245
420,Arni,Dow,adowbn@forbes.com,Male,124.99.127.35
421,Derek,Devo,ddevobo@nature.com,Male,227.235.8.177
422,Gerti,Edworthy,gedworthybp@google.co.uk,Female,4.38.245.88
423,Tadeo,Turrell,tturrellbq@si.edu,Male,129.207.120.139
424,Iolanthe,Ruddom,iruddombr@hatena.ne.jp,Female,6.245.242.60
425,Saleem,Santori,ssantoribs@latimes.com,Male,145.7.79.8
426,Nanci,Palfreeman,npalfreemanbt@meetup.com,Female,81.147.3.18
427,Pauline,Matijasevic,pmatijasevicbu@usa.gov,Female,68.214.144.145
428,Harman,Simioli,hsimiolibv@netvibes.com,Male,109.121.121.96
429,Sanders,O'Siaghail,sosiaghailbw@samsung.com,Non-binary,150.128.113.156
430,Tommie,Lethem,tlethembx@yahoo.co.jp,Genderfluid,87.63.165.141
431,Rey,Streak,rstreakby@dot.gov,Female,187.3.115.31
432,Kris,Fahy,kfahybz@wired.com,Bigender,98.140.44.155
433,Sam,McKernan,smckernanc0@blogger.com,Female,238.21.185.93
434,Tami,MacDearmid,tmacdearmidc1@mapquest.com,Female,70.114.76.66
435,Susanne,Lamanby,slamanbyc2@xing.com,Female,13.73.30.39
436,Rayner,Bradborne,rbradbornec3@cocolog-nifty.com,Male,208.195.251.182
437,Tremain,Wigfall,twigfallc4@patch.com,Bigender,163.215.147.102
438,Verne,Foggo,vfoggoc5@ihg.com,Male,142.81.107.117
439,Isador,Llywarch,illywarchc6@hc360.com,Male,101.29.53.117
440,Dolley,Bly,dblyc7@narod.ru,Female,54.1.157.202
441,Dorelia,Santostefano.,dsantostefanoc8@symantec.com,Female,124.68.183.36
442,Merrill,Sapsforde,msapsfordec9@europa.eu,Female,80.250.137.106
443,Richard,Guess,rguessca@tamu.edu,Male,99.242.115.127
444,Bjorn,Brodbin,bbrodbincb@businessinsider.com,Male,43.124.76.212
445,Olag,Linney,olinneycc@about.com,Male,174.26.198.192
446,Velvet,Fuke,vfukecd@earthlink.net,Agender,33.250.70.111
447,Robbie,Joerning,rjoerningce@hc360.com,Female,113.197.12.246
448,Faustina,Tomaskunas,ftomaskunascf@google.nl,Female,143.2.25.219
449,Melodee,Zuann,mzuanncg@google.com.hk,Female,213.210.230.16
450,Nadean,Catling,ncatlingch@disqus.com,Female,220.200.180.69
451,Jammal,Ramsted,jramstedci@nymag.com,Male,215.121.188.11
452,Harald,McNickle,hmcnicklecj@paginegialle.it,Male,99.45.23.27
453,Colet,Burdett,cburdettck@sitemeter.com,Male,24.226.67.125
454,Ware,Dunguy,wdunguycl@engadget.com,Male,146.118.135.211
455,Alexis,Miche,amichecm@naver.com,Male,95.255.146.16
456,Arden,Yendle,ayendlecn@github.io,Female,8.204.254.21
457,Louisa,Drever,ldreverco@phpbb.com,Female,210.243.139.228
458,Bobette,Fludder,bfluddercp@4shared.com,Non-binary,189.30.220.89
459,Gussie,Winterburn,gwinterburncq@usnews.com,Female,89.114.108.39
460,Enos,Verissimo,everissimocr@angelfire.com,Male,168.237.66.38
461,Viviene,Kenworthey,vkenwortheycs@prnewswire.com,Female,13.239.198.125
462,Alisa,Rubinfajn,arubinfajnct@meetup.com,Female,61.56.88.191
463,Mikkel,Winny,mwinnycu@gmpg.org,Male,126.168.4.187
464,Andras,Roskruge,aroskrugecv@skyrock.com,Male,222.26.120.64
465,Wilden,Perview,wperviewcw@alexa.com,Male,71.170.192.195
466,Lin,Sebborn,lsebborncx@dailymotion.com,Male,164.0.83.185
467,Maddy,Dumbarton,mdumbartoncy@cam.ac.uk,Male,191.89.54.121
468,Rodie,Vamplew,rvamplewcz@1und1.de,Female,3.162.14.119
469,Fairleigh,Mullin,fmullind0@google.cn,Male,50.149.198.117
470,Karney,Hanscomb,khanscombd1@who.int,Male,98.73.133.228
471,Martin,Harvatt,mharvattd2@wp.com,Male,51.129.40.71
472,Ax,Bogays,abogaysd3@github.com,Male,253.209.247.166
473,Heloise,De Vries,hdevriesd4@goodreads.com,Female,132.127.91.91
474,Bogey,Sepey,bsepeyd5@liveinternet.ru,Male,23.125.66.165
475,Konstantine,Altree,kaltreed6@ibm.com,Male,99.123.142.241
476,Jackquelin,Luparti,jlupartid7@nature.com,Female,117.54.203.156
477,Willetta,Parslow,wparslowd8@chron.com,Female,210.48.69.251
478,Bartel,Gaddesby,bgaddesbyd9@si.edu,Male,199.70.117.242
479,Tedmund,Codeman,tcodemanda@walmart.com,Male,87.31.49.2
480,Archibold,Poveleye,apoveleyedb@creativecommons.org,Male,155.249.22.101
481,Garrott,Denacamp,gdenacampdc@yellowbook.com,Male,196.255.148.133
482,Adolpho,Cowdray,acowdraydd@miitbeian.gov.cn,Male,166.229.68.51
483,Pansy,Sherbrooke,psherbrookede@illinois.edu,Female,193.130.105.78
484,Josselyn,Pym,jpymdf@desdev.cn,Female,248.10.168.22
485,Horatius,Gabala,hgabaladg@etsy.com,Bigender,163.106.77.231
486,Baryram,Lakin,blakindh@deliciousdays.com,Male,173.161.78.142
487,Vasili,Benny,vbennydi@dedecms.com,Male,14.92.104.162
488,Florian,Selbach,fselbachdj@samsung.com,Male,110.50.142.132
489,Corena,Garrud,cgarruddk@ox.ac.uk,Female,180.89.199.226
490,Gilberto,Klementz,gklementzdl@tumblr.com,Male,16.94.161.225
491,Madlen,Egdale,megdaledm@sciencedirect.com,Female,89.110.31.118
492,Marchelle,Pidcock,mpidcockdn@yahoo.co.jp,Genderfluid,146.56.46.166
493,Jessalyn,Abelwhite,jabelwhitedo@e-recht24.de,Female,187.139.212.184
494,Alberto,Schimank,aschimankdp@businesswire.com,Male,149.225.60.49
495,Roberto,Jollands,rjollandsdq@skyrock.com,Male,104.214.41.217
496,Ally,Greensides,agreensidesdr@japanpost.jp,Female,136.102.198.189
497,Aurthur,Linggard,alinggardds@360.cn,Male,171.59.211.221
498,Corby,Gambie,cgambiedt@drupal.org,Male,89.169.105.112
499,Allene,Gregon,agregondu@godaddy.com,Female,16.38.63.34
500,Alyce,McCaughey,amccaugheydv@nymag.com,Female,233.123.248.120
501,Emelina,Goreway,egorewaydw@hp.com,Female,182.179.169.167
502,Bria,Foulser,bfoulserdx@uol.com.br,Female,149.112.218.255
503,Collen,Bullus,cbullusdy@sitemeter.com,Female,22.192.217.128
504,Gabi,Sewell,gsewelldz@wired.com,Genderqueer,67.23.222.247
505,Nichols,Baldrick,nbaldricke0@java.com,Male,226.113.134.34
506,Brok,Antonutti,bantonuttie1@chronoengine.com,Polygender,211.23.33.210
507,Eldridge,Oram,eorame2@ameblo.jp,Male,68.143.197.122
508,Ceil,Kleinpeltz,ckleinpeltze3@prweb.com,Female,54.86.207.94
509,Reginald,Quenby,rquenbye4@odnoklassniki.ru,Male,43.57.228.39
510,Bogart,Daenen,bdaenene5@fda.gov,Male,60.56.186.144
511,Arline,Mackelworth,amackelworthe6@vk.com,Female,43.134.120.141
512,Hashim,Mocher,hmochere7@squidoo.com,Male,120.198.31.56
513,Roderigo,Dellenbach,rdellenbache8@unicef.org,Male,160.44.40.136
514,Malanie,Orme,mormee9@google.es,Female,133.215.90.210
515,Cate,Swiffin,cswiffinea@harvard.edu,Female,54.101.16.85
516,Lethia,Bixley,lbixleyeb@constantcontact.com,Female,228.144.208.242
517,Clemmie,Moverley,cmoverleyec@shareasale.com,Male,55.17.155.27
518,Tremayne,Ellerton,tellertoned@bigcartel.com,Male,180.111.10.246
519,Francesco,Tarry,ftarryee@cdbaby.com,Male,174.74.233.102
520,Amitie,Maddicks,amaddicksef@slideshare.net,Female,150.193.126.108
521,Dulcea,De Ath,ddeatheg@house.gov,Female,4.252.194.167
522,Jelene,Capelow,jcapeloweh@tamu.edu,Genderfluid,231.205.71.16
523,Ivor,Lamacraft,ilamacraftei@wordpress.com,Male,186.61.167.215
524,Myra,Kitto,mkittoej@jiathis.com,Female,71.9.100.103
525,Karly,Simmins,ksimminsek@icio.us,Female,19.192.55.183
526,Darline,Van Eeden,dvaneedenel@wikimedia.org,Female,175.201.108.83
527,Aaren,Feyer,afeyerem@plala.or.jp,Female,164.253.6.117
528,Delphine,Mathes,dmathesen@buzzfeed.com,Female,161.141.220.49
529,Madelina,Gymblett,mgymbletteo@gov.uk,Female,168.79.93.91
530,Nannette,Dodwell,ndodwellep@gravatar.com,Genderqueer,252.197.160.220
531,Katharine,Nystrom,knystromeq@miibeian.gov.cn,Female,240.112.50.180
532,Orbadiah,Pattinson,opattinsoner@exblog.jp,Male,20.9.223.100
533,Mathilda,Tappington,mtappingtones@myspace.com,Female,234.108.210.121
534,Ennis,Maffin,emaffinet@cbc.ca,Male,243.52.168.231
535,Gareth,Clutterham,gclutterhameu@topsy.com,Male,186.4.160.61
536,Araldo,Babcock,ababcockev@nydailynews.com,Bigender,127.82.199.144
537,Kipp,Simon,ksimonew@va.gov,Female,91.2.121.196
538,Alena,Vine,avineex@shareasale.com,Female,10.239.229.7
539,Amandy,Pidgley,apidgleyey@weebly.com,Female,55.0.89.79
540,Merridie,Thurby,mthurbyez@homestead.com,Female,90.217.197.73
541,Salli,Phipps,sphippsf0@businesswire.com,Female,151.113.247.34
542,Hermy,Romeo,hromeof1@cbc.ca,Male,126.6.1.192
543,Sterne,Etteridge,setteridgef2@state.gov,Bigender,65.7.32.184
544,Kelly,Joscelyne,kjoscelynef3@sciencedirect.com,Female,147.139.204.61
545,Drucy,Larchiere,dlarchieref4@fema.gov,Female,77.222.48.172
546,Magda,Exeter,mexeterf5@stumbleupon.com,Female,7.50.195.160
547,Meyer,Paddock,mpaddockf6@pinterest.com,Male,106.89.15.69
548,Trudy,Marrow,tmarrowf7@cbsnews.com,Female,246.125.117.133
549,Richmond,Smails,rsmailsf8@biglobe.ne.jp,Polygender,192.26.214.64
550,Baxter,Keaton,bkeatonf9@accuweather.com,Polygender,46.26.162.236
551,Erny,Kentwell,ekentwellfa@home.pl,Male,238.187.171.205
552,Babette,Bennallck,bbennallckfb@microsoft.com,Female,139.87.150.91
553,Agnesse,Prestie,aprestiefc@ftc.gov,Female,199.246.178.20
554,Arther,Looks,alooksfd@discuz.net,Male,194.84.242.233
555,Janna,Smallman,jsmallmanfe@ucoz.ru,Female,10.10.227.48
556,Stesha,Ely,selyff@jalbum.net,Female,166.126.11.212
557,Conney,Rayburn,crayburnfg@dailymail.co.uk,Male,208.105.192.112
558,Norine,Maleney,nmaleneyfh@ftc.gov,Genderqueer,148.182.67.74
559,Worth,Vela,wvelafi@seesaa.net,Male,184.219.158.195
560,Adore,Pail,apailfj@example.com,Female,233.17.106.147
561,Janey,Senecaux,jsenecauxfk@homestead.com,Female,204.177.201.251
562,Grace,Idney,gidneyfl@google.de,Male,180.253.15.85
563,Noby,Cottell,ncottellfm@timesonline.co.uk,Male,85.95.25.62
564,Aigneis,Wernher,awernherfn@goo.ne.jp,Female,104.10.244.31
565,Armstrong,Wallwork,awallworkfo@51.la,Male,76.217.8.127
566,Benedict,Garnul,bgarnulfp@1688.com,Male,252.13.83.244
567,Molli,Bowskill,mbowskillfq@netscape.com,Female,76.139.166.167
568,Dorian,Heinecke,dheineckefr@rambler.ru,Male,71.144.162.235
569,Kristan,Mariel,kmarielfs@exblog.jp,Female,207.17.23.169
570,Maressa,Carbery,mcarberyft@xing.com,Female,154.131.199.159
571,Gordon,Denyukhin,gdenyukhinfu@twitpic.com,Male,37.49.206.202
572,Sybyl,Renison,srenisonfv@angelfire.com,Female,51.140.161.9
573,Ced,Ollis,collisfw@sfgate.com,Male,190.146.79.199
574,Shadow,Cutill,scutillfx@microsoft.com,Male,96.41.224.50
575,Rachel,Cardello,rcardellofy@1688.com,Female,148.40.3.125
576,Erminia,Laurenson,elaurensonfz@bigcartel.com,Female,68.106.165.218
577,Janene,Foulks,jfoulksg0@webeden.co.uk,Female,39.51.248.1
578,Benetta,Henricsson,bhenricssong1@shutterfly.com,Female,82.226.119.159
579,Linnet,Iohananof,liohananofg2@uiuc.edu,Genderqueer,53.246.17.248
580,Siouxie,Terry,sterryg3@squarespace.com,Non-binary,146.108.185.237
581,Kristofer,Addess,kaddessg4@patch.com,Male,127.173.219.57
582,Bernelle,Danaher,bdanaherg5@1688.com,Bigender,185.133.137.80
583,Vyky,Bare,vbareg6@csmonitor.com,Female,238.172.221.94
584,Godfree,Tivers,gtiversg7@pcworld.com,Male,238.58.26.64
585,Dollie,Goaley,dgoaleyg8@apple.com,Female,85.160.0.131
586,Pegeen,Crush,pcrushg9@kickstarter.com,Female,168.68.79.198
587,Obadias,Fawdrey,ofawdreyga@pinterest.com,Male,222.169.211.152
588,Tonya,Cumine,tcuminegb@sphinn.com,Female,94.47.213.222
589,Lorry,Allderidge,lallderidgegc@dailymotion.com,Agender,159.112.67.0
590,Radcliffe,Quiddihy,rquiddihygd@webmd.com,Male,146.146.92.2
591,Melissa,Pevie,mpeviege@typepad.com,Female,233.214.212.161
592,Devin,Wohler,dwohlergf@oaic.gov.au,Male,158.128.23.91
593,Kylila,Kimblen,kkimblengg@economist.com,Female,204.55.241.154
594,Kylynn,Grayley,kgrayleygh@pen.io,Female,37.219.48.189
595,Rochester,Pickavance,rpickavancegi@unc.edu,Male,170.217.59.83
596,Cece,Proger,cprogergj@goo.gl,Male,78.212.102.189
597,Will,Gorgl,wgorglgk@histats.com,Male,84.152.165.116
598,Sheena,Millins,smillinsgl@t.co,Female,120.27.230.107
599,Collen,Blanchard,cblanchardgm@ezinearticles.com,Female,6.247.101.187
600,Dev,Oldis,doldisgn@uol.com.br,Male,26.38.177.98
601,Amalea,Callinan,acallinango@mediafire.com,Female,188.130.40.246
602,Meridith,Dashkov,mdashkovgp@zdnet.com,Female,22.195.63.115
603,Tami,Lufkin,tlufkingq@imdb.com,Female,243.232.61.51
604,Lorelei,Mirando,lmirandogr@hibu.com,Female,148.219.81.214
605,Way,Bockman,wbockmangs@oaic.gov.au,Male,139.251.141.232
606,Waldon,Gristock,wgristockgt@feedburner.com,Male,141.2.77.102
607,Anderea,Gomm,agommgu@yelp.com,Polygender,15.128.255.6
608,Clayborn,Allcroft,callcroftgv@tmall.com,Male,146.133.190.171
609,Moise,Brewett,mbrewettgw@sitemeter.com,Male,160.136.136.49
610,Fonzie,Ruscoe,fruscoegx@tripod.com,Male,120.46.243.235
611,Jarvis,Van Arsdall,jvanarsdallgy@people.com.cn,Male,239.4.102.250
612,Thor,Cleaves,tcleavesgz@reuters.com,Male,121.214.77.66
613,Inglebert,Osgorby,iosgorbyh0@skype.com,Male,129.7.169.189
614,Goran,Thorsen,gthorsenh1@mapquest.com,Male,18.121.126.187
615,Trever,Cesco,tcescoh2@shareasale.com,Male,95.178.167.243
616,Cash,Kiddey,ckiddeyh3@businessinsider.com,Male,74.75.158.193
617,Carver,Cheak,ccheakh4@youtu.be,Male,244.116.219.114
618,Jobye,McDool,jmcdoolh5@google.co.uk,Female,75.90.31.239
619,Willyt,Emerton,wemertonh6@mysql.com,Female,64.126.75.114
620,Angelo,Harriman,aharrimanh7@cocolog-nifty.com,Male,18.166.122.15
621,Olly,Marunchak,omarunchakh8@instagram.com,Female,233.104.220.34
622,Marven,Haythorn,mhaythornh9@smugmug.com,Male,60.7.121.244
623,Gillian,Fidock,gfidockha@tuttocitta.it,Female,190.129.165.171
624,Hadrian,Tremberth,htremberthhb@meetup.com,Male,191.88.34.65
625,Lisbeth,Sillito,lsillitohc@ucoz.com,Female,171.193.107.112
626,Milly,Bysaker,mbysakerhd@seesaa.net,Female,216.77.49.134
627,Tallou,Urridge,turridgehe@pcworld.com,Female,128.34.241.154
628,Chucho,Swale,cswalehf@dailymail.co.uk,Male,86.248.19.71
629,Hunter,Dollard,hdollardhg@yellowbook.com,Male,233.144.253.46
630,Cathrine,Tebbit,ctebbithh@hostgator.com,Female,19.113.164.17
631,Opaline,Lente,olentehi@npr.org,Female,242.168.120.92
632,Sheila-kathryn,Crippin,scrippinhj@biblegateway.com,Female,11.12.43.21
633,Tybalt,Southerden,tsoutherdenhk@blogspot.com,Male,27.215.46.121
634,Al,Lecordier,alecordierhl@odnoklassniki.ru,Male,35.188.199.128
635,Gunilla,Powys,gpowyshm@cam.ac.uk,Female,115.171.80.28
636,Edin,Munnings,emunningshn@infoseek.co.jp,Female,106.29.60.117
637,Lissy,Cream,lcreamho@nifty.com,Female,116.213.254.195
638,Aurel,Lisciardelli,alisciardellihp@t-online.de,Female,44.105.21.168
639,Maurine,Wallbridge,mwallbridgehq@wisc.edu,Female,68.154.236.145
640,Lorianne,Iacoviello,liacoviellohr@jalbum.net,Female,103.0.176.70
641,Tuckie,Clemot,tclemoths@ted.com,Polygender,122.231.94.1
642,Adelle,Dod,adodht@loc.gov,Female,172.145.157.142
643,Ayn,Halms,ahalmshu@4shared.com,Female,23.224.62.55
644,Ossie,Iddins,oiddinshv@walmart.com,Male,116.76.215.109
645,Kerr,Mapplethorpe,kmapplethorpehw@squidoo.com,Male,151.7.131.42
646,Wilbur,Redman,wredmanhx@feedburner.com,Male,145.117.19.176
647,Bekki,Lawden,blawdenhy@usgs.gov,Female,222.39.247.178
648,Aylmar,Bilbrooke,abilbrookehz@dot.gov,Male,242.159.120.222
649,Jo,Emilien,jemilieni0@craigslist.org,Male,115.124.206.221
650,Marybelle,Welberry,mwelberryi1@huffingtonpost.com,Female,182.248.75.148
651,Katinka,Bremner,kbremneri2@list-manage.com,Female,105.163.183.114
652,Tadd,Behagg,tbehaggi3@globo.com,Male,254.2.227.15
653,Clo,Kirsche,ckirschei4@nsw.gov.au,Female,79.160.22.208
654,Rey,Lippiello,rlippielloi5@jimdo.com,Male,130.216.74.207
655,Manon,Penkman,mpenkmani6@skype.com,Genderfluid,1.157.161.240
656,Meredeth,Longstreet,mlongstreeti7@webeden.co.uk,Male,249.236.203.98
657,Dolli,Brigge,dbriggei8@about.me,Female,124.151.194.35
658,Aline,Dresser,adresseri9@youtube.com,Female,135.137.224.75
659,Derwin,Childerhouse,dchilderhouseia@pcworld.com,Male,210.230.221.172
660,Tiphany,Hews,thewsib@sourceforge.net,Female,4.3.99.21
661,Christy,Blayney,cblayneyic@baidu.com,Female,25.224.252.167
662,Gavra,Sneezum,gsneezumid@nbcnews.com,Polygender,19.206.85.42
663,Hurleigh,Schlagh,hschlaghie@archive.org,Male,252.239.140.42
664,Viviene,Creed,vcreedif@imageshack.us,Female,230.42.242.206
665,Zachariah,Padfield,zpadfieldig@fda.gov,Male,15.166.241.123
666,Renelle,Sherringham,rsherringhamih@ehow.com,Female,113.58.12.36
667,Julee,Dabnot,jdabnotii@istockphoto.com,Female,127.114.153.33
668,Reggis,Hurne,rhurneij@netlog.com,Male,204.190.224.93
669,Row,McDool,rmcdoolik@macromedia.com,Female,58.173.74.187
670,Kania,Fearns,kfearnsil@liveinternet.ru,Female,245.208.106.160
671,Thorndike,Iacobassi,tiacobassiim@nsw.gov.au,Male,74.65.203.210
672,Sisile,John,sjohnin@mozilla.com,Female,18.37.222.91
673,Gardy,Taylot,gtaylotio@istockphoto.com,Male,252.13.178.118
674,Zandra,Buncom,zbuncomip@sogou.com,Female,188.125.55.189
675,Krishna,Shenton,kshentoniq@opensource.org,Male,216.62.152.5
676,Hugo,Langsbury,hlangsburyir@princeton.edu,Male,121.159.88.122
677,Harlene,Chrippes,hchrippesis@spotify.com,Female,118.229.171.186
678,Lyndsay,Malenoir,lmalenoirit@abc.net.au,Female,213.32.171.79
679,Husain,Dulanty,hdulantyiu@tamu.edu,Male,32.254.206.77
680,Nance,Hartzogs,nhartzogsiv@vimeo.com,Female,175.112.46.204
681,Malissia,Pauletti,mpaulettiiw@kickstarter.com,Female,153.215.0.78
682,Cecile,McClenaghan,cmcclenaghanix@npr.org,Female,119.202.227.141
683,Denice,Aronovitz,daronovitziy@unicef.org,Female,52.87.61.172
684,Whitby,Loades,wloadesiz@dion.ne.jp,Male,246.86.61.54
685,Marna,Kuzemka,mkuzemkaj0@hao123.com,Female,163.234.203.255
686,Carney,Sawer,csawerj1@slashdot.org,Male,227.25.26.227
687,Bethany,Burriss,bburrissj2@blogtalkradio.com,Female,76.199.117.193
688,Sibel,Mawdsley,smawdsleyj3@cbsnews.com,Female,218.125.3.194
689,Garik,Alliston,gallistonj4@cbc.ca,Male,126.222.116.151
690,Jermayne,Rofe,jrofej5@upenn.edu,Male,204.121.2.113
691,Wells,Wolfendale,wwolfendalej6@latimes.com,Male,170.204.200.197
692,Ernesto,Linay,elinayj7@flavors.me,Male,33.218.154.150
693,Ninette,Allward,nallwardj8@ameblo.jp,Female,225.213.66.248
694,Dallas,Sidle,dsidlej9@shop-pro.jp,Female,167.247.19.23
695,Goddart,Purser,gpurserja@smh.com.au,Male,24.159.134.110
696,Osmond,Browncey,obrownceyjb@biblegateway.com,Male,198.49.174.97
697,Enrika,Battershall,ebattershalljc@gov.uk,Female,189.214.11.53
698,Myer,Griggs,mgriggsjd@pbs.org,Male,101.229.219.102
699,Caritta,Cosbey,ccosbeyje@freewebs.com,Female,169.81.187.243
700,Krissy,Agates,kagatesjf@dion.ne.jp,Female,157.44.126.179
701,Mack,Ruselin,mruselinjg@hexun.com,Male,28.120.93.234
702,Ettie,Nuttey,enutteyjh@si.edu,Female,143.147.95.12
703,Vittorio,Schroder,vschroderji@timesonline.co.uk,Male,25.85.246.78
704,Lottie,Bointon,lbointonjj@seesaa.net,Polygender,181.195.182.224
705,Jolynn,Zamorano,jzamoranojk@pinterest.com,Female,39.155.33.170
706,Yoshiko,Stuckow,ystuckowjl@eepurl.com,Female,240.68.90.47
707,Augusto,Wescott,awescottjm@mashable.com,Male,46.185.122.185
708,Rose,Jepperson,rjeppersonjn@chron.com,Female,228.142.66.162
709,Dilly,Scouller,dscoullerjo@de.vu,Male,212.54.156.147
710,Devora,Pagin,dpaginjp@alibaba.com,Female,128.6.90.127
711,Hansiain,Gurnee,hgurneejq@symantec.com,Male,107.69.132.190
712,Pippo,Stocker,pstockerjr@salon.com,Male,204.80.211.101
713,Lorant,Bestwerthick,lbestwerthickjs@xinhuanet.com,Male,112.10.219.212
714,Ellis,Rebbeck,erebbeckjt@globo.com,Male,57.216.33.166
715,Rosie,Frenzel;,rfrenzelju@cloudflare.com,Female,130.169.144.90
716,Shayne,Piel,spieljv@github.io,Male,64.61.200.3
717,Moises,Crouch,mcrouchjw@theatlantic.com,Male,255.188.10.150
718,Janeva,Orrick,jorrickjx@csmonitor.com,Female,152.246.185.84
719,Lucius,Loudwell,lloudwelljy@cnet.com,Male,139.117.64.194
720,Darwin,McRinn,dmcrinnjz@howstuffworks.com,Male,166.72.108.131
721,Marlon,Bostick,mbostickk0@youtu.be,Male,195.199.184.102
722,Anestassia,Pomphrett,apomphrettk1@123-reg.co.uk,Female,156.227.237.231
723,Flossie,Nisby,fnisbyk2@tumblr.com,Female,72.197.217.190
724,Paddy,Tackett,ptackettk3@alibaba.com,Male,169.53.180.49
725,Garey,Tipping,gtippingk4@boston.com,Male,87.78.95.38
726,Ric,Woolway,rwoolwayk5@mediafire.com,Male,98.25.77.53
727,Christine,MacCahey,cmaccaheyk6@hatena.ne.jp,Female,173.206.211.133
728,Doretta,Cheeke,dcheekek7@wp.com,Female,65.36.206.106
729,Mateo,Otteridge,motteridgek8@eventbrite.com,Male,15.246.151.117
730,Nelli,Hatter,nhatterk9@merriam-webster.com,Bigender,96.64.94.180
731,Shelly,Tidbald,stidbaldka@eventbrite.com,Female,102.216.43.91
732,Bowie,Mulleary,bmullearykb@wordpress.org,Agender,7.158.242.104
733,Reta,Cordy,rcordykc@themeforest.net,Female,127.37.122.10
734,Elihu,Durrant,edurrantkd@tmall.com,Male,126.20.186.155
735,Thomas,Huscroft,thuscroftke@sun.com,Male,212.204.13.51
736,Tedie,Segebrecht,tsegebrechtkf@blogger.com,Male,148.153.57.32
737,Rubia,Jeremiah,rjeremiahkg@oaic.gov.au,Non-binary,90.235.139.30
738,Kipp,Stedall,kstedallkh@yelp.com,Female,65.62.224.189
739,Filia,Rulton,frultonki@deviantart.com,Female,64.140.113.218
740,Sigismond,Bourdice,sbourdicekj@pen.io,Male,228.89.65.195
741,Correy,McPeck,cmcpeckkk@a8.net,Female,115.125.14.243
742,Valida,Connor,vconnorkl@xing.com,Female,4.36.231.85
743,Sibylle,Hendrikse,shendriksekm@un.org,Female,47.68.81.135
744,Saree,Gouldstone,sgouldstonekn@kickstarter.com,Female,225.247.127.147
745,Moses,Stutt,mstuttko@admin.ch,Male,193.197.198.111
746,Clyve,Spring,cspringkp@cocolog-nifty.com,Male,171.168.234.222
747,Lorilyn,Stilldale,lstilldalekq@fema.gov,Bigender,0.205.45.24
748,Doyle,Dubock,ddubockkr@youtu.be,Genderqueer,39.86.254.136
749,Rois,Sealy,rsealyks@samsung.com,Female,38.146.169.77
750,Ola,Bilverstone,obilverstonekt@europa.eu,Female,11.119.200.143
751,Gerik,Ygo,gygoku@cpanel.net,Male,231.111.83.46
752,Kylen,Este,kestekv@typepad.com,Female,2.137.253.151
753,Lorinda,Izon,lizonkw@liveinternet.ru,Female,87.29.202.169
754,Mohandis,Cotterel,mcotterelkx@omniture.com,Male,251.192.161.220
755,Buckie,Dreghorn,bdreghornky@google.es,Polygender,79.115.98.216
756,Myrle,Beilby,mbeilbykz@phoca.cz,Female,225.201.0.236
757,Barby,Izkovici,bizkovicil0@reverbnation.com,Female,131.27.36.232
758,Daniele,Fortesquieu,dfortesquieul1@cargocollective.com,Female,132.124.48.219
759,Nicoline,O'Shesnan,noshesnanl2@yolasite.com,Female,244.203.197.123
760,Ches,Campana,ccampanal3@canalblog.com,Male,105.177.215.140
761,Lamond,Iacapucci,liacapuccil4@feedburner.com,Male,177.38.105.128
762,Granthem,Liddiard,gliddiardl5@wufoo.com,Male,33.226.182.147
763,Sherman,Selburn,sselburnl6@google.ca,Male,104.214.11.46
764,Georgi,Swain,gswainl7@facebook.com,Male,30.230.116.12
765,Agathe,Pavlik,apavlikl8@nasa.gov,Female,63.88.153.146
766,Sonja,Amery,sameryl9@nifty.com,Female,149.243.246.180
767,Traver,Mcimmie,tmcimmiela@smh.com.au,Male,111.171.87.103
768,Bert,Myderscough,bmyderscoughlb@angelfire.com,Male,113.222.48.240
769,Claiborne,Farrand,cfarrandlc@smh.com.au,Male,173.193.58.206
770,Sacha,Habbema,shabbemald@about.com,Female,131.119.46.48
771,Anderea,Daviddi,adaviddile@indiatimes.com,Female,222.88.68.240
772,Brew,Agglione,bagglionelf@feedburner.com,Male,56.253.206.3
773,Archaimbaud,Tree,atreelg@t-online.de,Bigender,109.102.98.114
774,Price,Hollingby,phollingbylh@biblegateway.com,Male,235.84.7.40
775,Pat,Polson,ppolsonli@gmpg.org,Genderfluid,164.19.226.87
776,Drusi,Prazor,dprazorlj@paypal.com,Female,46.95.147.167
777,Alexis,Le Noire,alenoirelk@xinhuanet.com,Female,119.175.208.209
778,Minny,Tether,mtetherll@blogger.com,Female,91.50.15.81
779,Mendie,Pickthorn,mpickthornlm@netvibes.com,Male,66.83.63.147
780,Ced,Osgodby,cosgodbyln@jugem.jp,Male,19.140.164.99
781,Ahmad,Sleightholme,asleightholmelo@google.fr,Male,97.0.187.51
782,Mendie,Denisyuk,mdenisyuklp@howstuffworks.com,Male,63.126.135.25
783,Kingsly,Hawking,khawkinglq@webs.com,Male,89.96.225.3
784,Pernell,Tomczak,ptomczaklr@themeforest.net,Male,162.87.26.60
785,Rhianna,Kornel,rkornells@moonfruit.com,Female,14.0.160.113
786,Pryce,Bocke,pbockelt@sciencedaily.com,Male,82.186.242.48
787,Brice,Gowanson,bgowansonlu@theguardian.com,Male,141.7.179.144
788,Loydie,Mower,lmowerlv@addtoany.com,Male,227.52.112.254
789,Tris,Barry,tbarrylw@statcounter.com,Male,244.131.23.240
790,Florentia,Gaul,fgaullx@altervista.org,Female,151.240.195.76
791,Genia,Liff,gliffly@miibeian.gov.cn,Female,244.203.84.45
792,Stafani,Urrey,surreylz@telegraph.co.uk,Female,31.23.119.128
793,Bonnie,Rollings,brollingsm0@wsj.com,Female,85.234.49.54
794,Madel,Arnley,marnleym1@hc360.com,Female,27.219.223.64
795,Jacquelynn,Denziloe,jdenziloem2@etsy.com,Female,196.235.81.169
796,Ulysses,Birdsall,ubirdsallm3@miibeian.gov.cn,Male,177.159.232.112
797,Easter,Egarr,eegarrm4@biblegateway.com,Female,80.45.23.181
798,Aeriela,Conan,aconanm5@ibm.com,Female,62.205.231.16
799,Darin,Sarch,dsarchm6@google.co.uk,Male,248.130.86.145
800,Constancia,Filintsev,cfilintsevm7@umich.edu,Non-binary,169.173.140.135
801,Patrice,Johansen,pjohansenm8@loc.gov,Male,232.52.58.248
802,Neale,Darcy,ndarcym9@blogspot.com,Male,18.20.126.67
803,Dyanne,Mountlow,dmountlowma@yolasite.com,Female,25.122.50.180
804,Karla,Bohlens,kbohlensmb@imgur.com,Genderqueer,67.17.7.103
805,Jarib,Eykelbosch,jeykelboschmc@stumbleupon.com,Male,27.107.48.156
806,Hedwiga,Miskimmon,hmiskimmonmd@vk.com,Female,43.141.107.187
807,Rickie,Konke,rkonkeme@sphinn.com,Male,251.127.181.48
808,Aileen,Shilstone,ashilstonemf@toplist.cz,Female,204.219.16.140
809,Ryan,Younghusband,ryounghusbandmg@xing.com,Male,35.169.233.95
810,Merrel,Kuschel,mkuschelmh@howstuffworks.com,Male,251.20.163.177
811,Tawsha,Winslett,twinslettmi@buzzfeed.com,Genderqueer,233.182.174.16
812,Korrie,Goodwill,kgoodwillmj@slate.com,Female,130.80.88.26
813,Vinita,Elstob,velstobmk@booking.com,Female,5.224.81.246
814,Gilemette,Barrass,gbarrassml@cbsnews.com,Female,159.158.160.164
815,Sheppard,Piper,spipermm@ow.ly,Male,48.79.196.120
816,Gabby,Laidlow,glaidlowmn@hhs.gov,Male,57.255.49.29
817,Catarina,Pagon,cpagonmo@irs.gov,Female,132.155.208.98
818,Malva,Falck,mfalckmp@netlog.com,Female,240.81.135.95
819,Shadow,De Rechter,sderechtermq@soup.io,Male,38.17.161.82
820,Erny,Smidmor,esmidmormr@addtoany.com,Male,33.230.181.235
821,Shelia,Lundie,slundiems@wiley.com,Female,163.72.106.197
822,Lyndsie,Alliband,lallibandmt@economist.com,Female,97.42.60.124
823,Cassandry,Joist,cjoistmu@fema.gov,Female,165.158.5.190
824,Jaye,Alfuso,jalfusomv@usda.gov,Genderfluid,166.60.56.196
825,Hanna,Catterall,hcatterallmw@weather.com,Female,131.216.196.225
826,Asa,Oakenfield,aoakenfieldmx@tamu.edu,Male,131.158.30.55
827,Philippa,Eburah,peburahmy@virginia.edu,Polygender,125.59.193.170
828,Calv,Hanbury-Brown,chanburybrownmz@tinypic.com,Male,196.126.142.26
829,Corabella,Etheredge,cetheredgen0@disqus.com,Female,227.181.211.216
830,Tod,Kermannes,tkermannesn1@jimdo.com,Male,253.232.181.248
831,Brandais,Cruess,bcruessn2@redcross.org,Female,225.128.130.139
832,Sybil,Betser,sbetsern3@usatoday.com,Female,100.51.105.167
833,Margalo,Partleton,mpartletonn4@gizmodo.com,Agender,123.151.107.165
834,Lanna,Maden,lmadenn5@imgur.com,Female,16.255.244.252
835,Nil,Stucksbury,nstucksburyn6@answers.com,Male,184.220.55.199
836,Kailey,Dytham,kdythamn7@discovery.com,Female,218.131.0.78
837,Antonie,Salvadore,asalvadoren8@blogs.com,Female,81.163.104.234
838,Veriee,Assard,vassardn9@nasa.gov,Female,116.100.130.17
839,Hall,Yakushkev,hyakushkevna@cbsnews.com,Male,172.128.12.230
840,Vlad,Skryne,vskrynenb@tamu.edu,Male,188.219.148.149
841,Jacky,Fayers,jfayersnc@businesswire.com,Female,59.231.9.133
842,Denice,Stain,dstainnd@istockphoto.com,Bigender,127.118.149.124
843,Coleman,Phibb,cphibbne@xing.com,Male,25.63.149.50
844,Corabel,Ludwell,cludwellnf@360.cn,Female,101.218.183.117
845,Matthaeus,Beckinsale,mbeckinsaleng@godaddy.com,Male,49.195.26.95
846,Estel,Monnery,emonnerynh@sohu.com,Female,170.38.188.236
847,Nichol,Howsego,nhowsegoni@gmpg.org,Female,158.178.17.170
848,Jedd,De Brett,jdebrettnj@hubpages.com,Male,125.47.66.216
849,Chrysler,Levermore,clevermorenk@barnesandnoble.com,Female,242.224.182.83
850,Ahmed,Edds,aeddsnl@furl.net,Male,251.241.161.246
851,Josepha,Samuels,jsamuelsnm@i2i.jp,Female,157.147.152.59
852,Lyman,Sidry,lsidrynn@netlog.com,Male,172.188.81.45
853,Eyde,Cohr,ecohrno@rambler.ru,Female,40.66.134.166
854,Davie,Bonifazio,dbonifazionp@spotify.com,Male,144.102.157.107
855,Spike,Autin,sautinnq@spiegel.de,Male,208.228.220.207
856,Deanne,Bourdel,dbourdelnr@deviantart.com,Female,246.94.10.154
857,Hephzibah,Kemwall,hkemwallns@irs.gov,Female,158.117.123.225
858,Graham,Bohman,gbohmannt@reverbnation.com,Male,111.253.4.43
859,Veronique,Scoullar,vscoullarnu@blog.com,Female,249.166.227.45
860,Jacobo,Chandler,jchandlernv@zdnet.com,Male,66.21.94.34
861,Trip,Bullin,tbullinnw@opensource.org,Male,229.152.7.127
862,Monica,Trees,mtreesnx@cyberchimps.com,Female,252.224.194.195
863,Leigh,Macura,lmacurany@ebay.co.uk,Male,246.94.95.73
864,Cecile,Winks,cwinksnz@guardian.co.uk,Female,143.189.165.122
865,Maurine,Connick,mconnicko0@cnbc.com,Female,21.187.127.240
866,Alden,Maxted,amaxtedo1@desdev.cn,Male,26.27.20.149
867,Wilburt,Rawlin,wrawlino2@tamu.edu,Male,183.5.197.3
868,Jim,Perrie,jperrieo3@w3.org,Male,28.116.203.24
869,Karita,Bloxland,kbloxlando4@independent.co.uk,Female,74.33.101.39
870,Iago,Edling,iedlingo5@admin.ch,Male,90.6.159.63
871,Aurilia,Francke,afranckeo6@pcworld.com,Female,153.158.177.90
872,Ellene,Baldi,ebaldio7@w3.org,Female,220.50.85.154
873,Dory,Anyene,danyeneo8@dropbox.com,Male,168.110.245.117
874,Mei,Partington,mpartingtono9@biglobe.ne.jp,Female,57.116.27.132
875,Marika,Rohan,mrohanoa@shutterfly.com,Female,208.187.199.155
876,Wash,Klimek,wklimekob@cnbc.com,Male,84.161.33.36
877,Rory,Cleynaert,rcleynaertoc@tamu.edu,Female,164.230.77.188
878,Dori,Montford,dmontfordod@yahoo.co.jp,Female,154.187.47.6
879,Flss,Leyson,fleysonoe@washingtonpost.com,Bigender,15.89.3.140
880,Darby,Pavis,dpavisof@rakuten.co.jp,Female,127.81.42.74
881,Julianna,Street,jstreetog@goo.ne.jp,Genderqueer,253.193.48.25
882,Tanney,Cameli,tcamelioh@google.com.au,Male,228.131.235.172
883,Claire,Boar,cboaroi@alibaba.com,Male,112.200.50.74
884,Lorine,Radki,lradkioj@chron.com,Female,49.101.54.133
885,Magdalena,Baumaier,mbaumaierok@homestead.com,Female,172.53.28.68
886,Dierdre,Craighall,dcraighallol@sogou.com,Female,43.187.226.165
887,Pace,Satch,psatchom@barnesandnoble.com,Male,223.3.88.88
888,Mag,Corpe,mcorpeon@howstuffworks.com,Female,56.35.104.223
889,Julia,Stranieri,jstranierioo@theguardian.com,Female,100.156.10.16
890,Chelsae,Esp,cespop@disqus.com,Female,7.108.60.176
891,Linnell,Croasdale,lcroasdaleoq@rakuten.co.jp,Female,13.101.128.189
892,Werner,Sackler,wsackleror@networksolutions.com,Male,118.251.254.59
893,Dennis,Coggles,dcogglesos@pcworld.com,Male,196.42.116.210
894,Armstrong,Duffree,aduffreeot@freewebs.com,Male,255.25.87.95
895,Vic,Stubs,vstubsou@nymag.com,Male,82.97.190.106
896,Emmet,Robottom,erobottomov@loc.gov,Male,30.134.112.218
897,Eden,MacAirt,emacairtow@forbes.com,Female,108.121.32.168
898,Benjamin,Cleaver,bcleaverox@tmall.com,Male,58.200.188.61
899,Ian,Songhurst,isonghurstoy@amazonaws.com,Male,254.220.26.253
900,Loy,Noddles,lnoddlesoz@google.it,Male,163.72.216.11
901,Minnnie,Ebbs,mebbsp0@sina.com.cn,Female,185.180.239.240
902,Baily,Cogin,bcoginp1@walmart.com,Male,223.194.2.246
903,Wandie,Jochen,wjochenp2@blogspot.com,Female,43.211.57.204
904,Douglas,Emptage,demptagep3@berkeley.edu,Male,167.24.223.97
905,Jolie,Swale,jswalep4@narod.ru,Female,41.29.250.208
906,Dom,Yorston,dyorstonp5@mtv.com,Male,36.169.52.116
907,Renault,Glauber,rglauberp6@go.com,Male,69.185.97.136
908,Catlin,Tunbridge,ctunbridgep7@washington.edu,Agender,196.20.52.139
909,Ulises,Vayro,uvayrop8@google.cn,Male,1.127.30.218
910,Therine,Wace,twacep9@blogger.com,Female,236.0.117.12
911,Angeline,Suller,asullerpa@so-net.ne.jp,Female,25.17.138.119
912,Eleonore,Stubbin,estubbinpb@smugmug.com,Female,152.111.177.206
913,Geno,Deny,gdenypc@bing.com,Male,167.95.216.159
914,Louisette,Pingston,lpingstonpd@microsoft.com,Female,145.220.231.86
915,Edith,Puddin,epuddinpe@netscape.com,Polygender,227.176.230.191
916,Alfonso,Peascod,apeascodpf@usa.gov,Male,211.5.150.85
917,Shirley,Hubach,shubachpg@alibaba.com,Female,14.2.187.141
918,Mano,Cariss,mcarissph@amazon.de,Male,234.41.105.228
919,Bertha,Tollet,btolletpi@wordpress.org,Female,59.228.100.55
920,Tiphany,Wilfing,twilfingpj@irs.gov,Female,83.21.124.43
921,Thatch,Wholesworth,twholesworthpk@sfgate.com,Male,137.163.186.178
922,Perl,Shayes,pshayespl@nhs.uk,Genderfluid,6.161.127.214
923,Essy,Baldelli,ebaldellipm@ucoz.com,Female,59.203.16.72
924,Trudey,Luetkemeyer,tluetkemeyerpn@sitemeter.com,Female,122.149.110.138
925,Hurley,Smalman,hsmalmanpo@samsung.com,Male,221.63.89.26
926,Trudi,Hulburd,thulburdpp@sun.com,Female,133.111.93.215
927,Dona,Klimkowski,dklimkowskipq@cbc.ca,Female,107.229.109.67
928,Derwin,Vevers,dveverspr@epa.gov,Male,200.139.128.199
929,Theodosia,Collinwood,tcollinwoodps@soundcloud.com,Female,248.30.231.198
930,Akim,Suttie,asuttiept@wufoo.com,Male,44.84.225.16
931,Grace,Pallister,gpallisterpu@ifeng.com,Male,131.18.42.40
932,Riannon,Aizlewood,raizlewoodpv@scientificamerican.com,Genderfluid,5.9.41.198
933,Tedi,Cubbino,tcubbinopw@xing.com,Female,130.222.228.16
934,Evvie,Jesson,ejessonpx@wiley.com,Female,229.159.81.46
935,Koren,Boshers,kbosherspy@nasa.gov,Female,104.162.75.214
936,Fitz,Kenninghan,fkenninghanpz@tripadvisor.com,Male,127.19.123.203
937,Ali,Mapledoore,amapledooreq0@odnoklassniki.ru,Female,151.210.177.63
938,Josey,Cale,jcaleq1@theatlantic.com,Female,235.174.145.22
939,Juliane,Tomasoni,jtomasoniq2@cmu.edu,Female,230.198.16.97
940,Austen,Newlands,anewlandsq3@blogs.com,Male,164.51.89.52
941,Fred,De Ruggiero,fderuggieroq4@com.com,Male,225.254.11.104
942,Antonia,Deegin,adeeginq5@accuweather.com,Female,196.61.193.193
943,Ellen,Vedekhov,evedekhovq6@hibu.com,Female,82.186.37.121
944,Laurence,Lasslett,llasslettq7@cornell.edu,Non-binary,134.239.66.196
945,Andrea,Tinman,atinmanq8@tiny.cc,Female,105.63.84.236
946,Astrix,Antrag,aantragq9@redcross.org,Female,187.246.15.5
947,Barbara,Mannin,bmanninqa@dell.com,Non-binary,146.128.248.10
948,Leonardo,Ellinor,lellinorqb@cnn.com,Male,250.65.84.173
949,Helenelizabeth,Cramond,hcramondqc@admin.ch,Female,198.220.90.191
950,Ozzy,Arnatt,oarnattqd@fc2.com,Male,204.57.74.44
951,Cori,McTaggart,cmctaggartqe@npr.org,Male,183.180.12.56
952,Kippy,Wakelin,kwakelinqf@japanpost.jp,Genderqueer,219.132.202.129
953,Ally,Glaum,aglaumqg@apple.com,Female,175.196.96.202
954,Ariadne,Ianilli,aianilliqh@virginia.edu,Female,51.111.23.189
955,Akim,Jurasek,ajurasekqi@shutterfly.com,Non-binary,19.221.181.254
956,Marshal,Rogers,mrogersqj@upenn.edu,Male,235.200.47.211
957,Audi,Yoakley,ayoakleyqk@whitehouse.gov,Female,42.215.115.121
958,Frederik,Henzley,fhenzleyql@360.cn,Male,87.15.253.75
959,Burlie,Shotter,bshotterqm@tuttocitta.it,Male,79.66.113.76
960,Mignonne,McCrann,mmccrannqn@cloudflare.com,Female,192.3.224.162
961,Mychal,Whitwam,mwhitwamqo@exblog.jp,Male,59.35.181.200
962,Emelda,Callinan,ecallinanqp@thetimes.co.uk,Female,164.254.52.7
963,Sylvia,Wormleighton,swormleightonqq@boston.com,Female,186.253.200.135
964,Xymenes,Yegorkov,xyegorkovqr@goo.gl,Male,194.99.225.57
965,Randie,Pretious,rpretiousqs@mtv.com,Female,55.100.253.48
966,Corly,Swidenbank,cswidenbankqt@spotify.com,Female,254.46.191.87
967,Dean,Jelphs,djelphsqu@earthlink.net,Male,40.127.96.196
968,Juditha,Steinhammer,jsteinhammerqv@opensource.org,Female,202.157.157.96
969,Glynda,Dunkley,gdunkleyqw@reference.com,Female,165.46.223.214
970,Lucky,Defont,ldefontqx@people.com.cn,Female,68.83.177.113
971,Genna,Brownjohn,gbrownjohnqy@weather.com,Agender,207.195.201.167
972,Dosi,Renyard,drenyardqz@businessinsider.com,Female,32.217.232.237
973,Aurea,Biers,abiersr0@virginia.edu,Genderfluid,89.119.106.25
974,Verla,Baddam,vbaddamr1@apple.com,Female,147.164.25.82
975,Shalne,Huot,shuotr2@soundcloud.com,Female,117.52.13.41
976,Carmela,Sifflett,csifflettr3@ucoz.ru,Non-binary,83.3.98.249
977,Marylinda,McShirrie,mmcshirrier4@unc.edu,Female,233.30.255.82
978,Carlyn,Crowcher,ccrowcherr5@github.io,Female,217.195.97.164
979,Waly,Sizland,wsizlandr6@state.gov,Female,208.218.126.74
980,Tonia,Wimbush,twimbushr7@hatena.ne.jp,Female,176.217.199.232
981,Sydney,Myott,smyottr8@reddit.com,Female,200.104.121.26
982,Kerrill,Halwill,khalwillr9@taobao.com,Polygender,134.79.30.158
983,Rickard,Yansons,ryansonsra@paypal.com,Genderfluid,109.92.157.132
984,Annalee,Cammiemile,acammiemilerb@github.com,Female,82.106.216.145
985,Shay,Stolberg,sstolbergrc@reference.com,Female,237.21.12.131
986,Adorne,Woollcott,awoollcottrd@xrea.com,Female,225.213.86.201
987,Gay,Alejandro,galejandrore@sitemeter.com,Male,62.225.44.208
988,Carr,Creeboe,ccreeboerf@bigcartel.com,Male,48.134.132.73
989,Maire,Wesley,mwesleyrg@cyberchimps.com,Female,56.136.41.153
990,Caressa,Stockwell,cstockwellrh@theatlantic.com,Polygender,164.24.255.43
991,Phedra,Merrall,pmerrallri@ovh.net,Female,170.205.44.66
992,Lothaire,Sanpere,lsanpererj@edublogs.org,Male,9.157.159.169
993,Roseanna,Fetherstan,rfetherstanrk@seesaa.net,Female,145.21.238.52
994,Odelia,Bentley,obentleyrl@adobe.com,Female,12.73.134.88
995,Barn,Itscowicz,bitscowiczrm@columbia.edu,Male,94.84.230.182
996,Jeanine,Weddell,jweddellrn@php.net,Female,139.175.202.60
997,Kare,Otterwell,kotterwellro@icq.com,Female,69.238.122.235
998,Gabriello,Piscotti,gpiscottirp@vk.com,Male,220.87.245.90
999,Kali,Hannabuss,khannabussrq@mtv.com,Female,122.117.202.47
1000,Cecilia,Fell,cfellrr@fotki.com,Female,3.232.90.86
